Vorname;Nachname;Geburtstag
Vorname1;Nachname1;01.01.2000
Vorname2;Nachname2;02.01.2000
Vorname3;Nachname3;03.01.2000
Vorname4;Nachname4;04.01.2000
Vorname5;Nachname5;05.01.2000
Vorname6;Nachname6;06.01.2000
Vorname7;Nachname7;07.01.2000
Vorname8;Nachname8;08.01.2000
Vorname9;Nachname9;09.01.2000
Vorname10;Nachname10;10.01.2000
Vorname11;Nachname11;11.01.2000
Vorname12;Nachname12;12.01.2000
Vorname13;Nachname13;13.01.2000
Vorname14;Nachname14;14.01.2000
Vorname15;Nachname15;15.01.2000
Vorname16;Nachname16;16.01.2000
Vorname17;Nachname17;17.01.2000
Vorname18;Nachname18;18.01.2000
Vorname19;Nachname19;19.01.2000
Vorname20;Nachname20;20.01.2000
Vorname21;Nachname21;21.01.2000
Vorname22;Nachname22;22.01.2000
Vorname23;Nachname23;23.01.2000
Vorname24;Nachname24;24.01.2000
Vorname25;Nachname25;25.01.2000
Vorname26;Nachname26;26.01.2000
Vorname27;Nachname27;27.01.2000
Vorname28;Nachname28;28.01.2000
Vorname29;Nachname29;29.01.2000
Vorname30;Nachname30;30.01.2000
Vorname31;Nachname31;31.01.2000
Vorname32;Nachname32;01.02.2000
Vorname33;Nachname33;02.02.2000
Vorname34;Nachname34;03.02.2000
Vorname35;Nachname35;04.02.2000
Vorname36;Nachname36;05.02.2000
Vorname37;Nachname37;06.02.2000
Vorname38;Nachname38;07.02.2000
Vorname39;Nachname39;08.02.2000
Vorname40;Nachname40;09.02.2000
Vorname41;Nachname41;10.02.2000
Vorname42;Nachname42;11.02.2000
Vorname43;Nachname43;12.02.2000
Vorname44;Nachname44;13.02.2000
Vorname45;Nachname45;14.02.2000
Vorname46;Nachname46;15.02.2000
Vorname47;Nachname47;16.02.2000
Vorname48;Nachname48;17.02.2000
Vorname49;Nachname49;18.02.2000
Vorname50;Nachname50;19.02.2000
Vorname51;Nachname51;20.02.2000
Vorname52;Nachname52;21.02.2000
Vorname53;Nachname53;22.02.2000
Vorname54;Nachname54;23.02.2000
Vorname55;Nachname55;24.02.2000
Vorname56;Nachname56;25.02.2000
Vorname57;Nachname57;26.02.2000
Vorname58;Nachname58;27.02.2000
Vorname59;Nachname59;28.02.2000
Vorname60;Nachname60;29.02.2000
Vorname61;Nachname61;01.03.2000
Vorname62;Nachname62;02.03.2000
Vorname63;Nachname63;03.03.2000
Vorname64;Nachname64;04.03.2000
Vorname65;Nachname65;05.03.2000
Vorname66;Nachname66;06.03.2000
Vorname67;Nachname67;07.03.2000
Vorname68;Nachname68;08.03.2000
Vorname69;Nachname69;09.03.2000
Vorname70;Nachname70;10.03.2000
Vorname71;Nachname71;11.03.2000
Vorname72;Nachname72;12.03.2000
Vorname73;Nachname73;13.03.2000
Vorname74;Nachname74;14.03.2000
Vorname75;Nachname75;15.03.2000
Vorname76;Nachname76;16.03.2000
Vorname77;Nachname77;17.03.2000
Vorname78;Nachname78;18.03.2000
Vorname79;Nachname79;19.03.2000
Vorname80;Nachname80;20.03.2000
Vorname81;Nachname81;21.03.2000
Vorname82;Nachname82;22.03.2000
Vorname83;Nachname83;23.03.2000
Vorname84;Nachname84;24.03.2000
Vorname85;Nachname85;25.03.2000
Vorname86;Nachname86;26.03.2000
Vorname87;Nachname87;27.03.2000
Vorname88;Nachname88;28.03.2000
Vorname89;Nachname89;29.03.2000
Vorname90;Nachname90;30.03.2000
Vorname91;Nachname91;31.03.2000
Vorname92;Nachname92;01.04.2000
Vorname93;Nachname93;02.04.2000
Vorname94;Nachname94;03.04.2000
Vorname95;Nachname95;04.04.2000
Vorname96;Nachname96;05.04.2000
Vorname97;Nachname97;06.04.2000
Vorname98;Nachname98;07.04.2000
Vorname99;Nachname99;08.04.2000
Vorname100;Nachname100;09.04.2000